H37Rv Start,H37Rv End,polyNT,Locus Tag,Gene Symbol,resistance_assocation,resistance_association_source
854252,854261,CCCCCCCCC,inter_Rv0759c_Rv0760c,inter_Rv0759c_Rv0760c,Y,(Vargas et al. 2023)
4139183,4139190,CCCCCCC,Rv3696c,glpK,Y,"(Safi et al. 2019),(Vargas et al. 2023)"
364498,364505,GGGGGGG,inter_Rv0301_Rv0302,inter_vapC2_Rv0302,Y,(Vargas et al. 2023)
4358979,4358986,GGGGGGG,Rv3879c,espK,Y,(Vargas et al. 2023)
36470,36477,CCCCCCC,Rv0032,bioF2,Y,(Vargas et al. 2023)
2536625,2536632,GGGGGGG,Rv2264c,Rv2264c,Y,(Vargas et al. 2023)
2141408,2141415,GGGGGGG,Rv1894c,Rv1894c,Y,(Vargas et al. 2023)
2440187,2440194,GGGGGGG,inter_Rv2177c_Rv2178c,inter_Rv2177c_aroG,Y,(Vargas et al. 2023)
1572680,1572687,CCCCCCC,Rv1396c,PE_PGRS25,Y,(Vargas et al. 2023)
1546465,1546472,CCCCCCC,Rv1373,Rv1373,Y,(Vargas et al. 2023)
2001789,2001796,GGGGGGG,Rv1768,PE_PGRS31,Y,(Vargas et al. 2023)
3559990,3559997,CCCCCCC,Rv3192,Rv3192,Y,(Vargas et al. 2023)
3450182,3450189,CCCCCCC,Rv3084,lipR,Y,(Vargas et al. 2023)
3832356,3832363,GGGGGGG,Rv3413c,Rv3413c,Y,(Vargas et al. 2023)
1852176,1852183,TTTTTTT,inter_Rv1640c_Rv1641,inter_lysX_infC,Y,(Vargas et al. 2023)
912694,912701,CCCCCCC,inter_Rv0819_Rv0820,inter_mshD_phoT,Y,(Vargas et al. 2023)
794672,794679,AAAAAAA,inter_Rv0694_Rv0695,inter_Rv0694_Rv0695,Y,(Vargas et al. 2023)
779181,779187,GGGGGG,Rv0678,Rv0678,Y,(Xu et al. 2023)
