gene_name,gene_locus,variant,codon_number,genome_index,nt_change,drug
gyrB,Rv0005,gyrB_D461N,461,6620,A,LEVO
gyrB,Rv0005,gyrB_D461N,461,6620,A,MOXI
gyrB,Rv0005,gyrB_N499D,499,6734,G,LEVO
gyrB,Rv0005,gyrB_N499D,499,6734,G,MOXI
gyrB,Rv0005,gyrB_E501V,501,6741,T,LEVO
gyrB,Rv0005,gyrB_E501V,501,6741,T,MOXI
gyrB,Rv0005,gyrB_E501D,501,6742,C,LEVO
gyrB,Rv0005,gyrB_E501D,501,6742,C,MOXI
gyrB,Rv0005,gyrB_A504V,504,6750,T,LEVO
gyrB,Rv0005,gyrB_A504V,504,6750,T,MOXI
gyrA,Rv0006,gyrA_G88C,88,7563,T,LEVO
gyrA,Rv0006,gyrA_G88C,88,7563,T,MOXI
gyrA,Rv0006,gyrA_G88A,88,7564,C,LEVO
gyrA,Rv0006,gyrA_G88A,88,7564,C,MOXI
gyrA,Rv0006,gyrA_A90V,90,7570,T,LEVO
gyrA,Rv0006,gyrA_A90V,90,7570,T,MOXI
gyrA,Rv0006,gyrA_S91P,91,7572,C,LEVO
gyrA,Rv0006,gyrA_S91P,91,7572,C,MOXI
gyrA,Rv0006,gyrA_D94Y,94,7581,T,LEVO
gyrA,Rv0006,gyrA_D94Y,94,7581,T,MOXI
gyrA,Rv0006,gyrA_D94H,94,7581,C,LEVO
gyrA,Rv0006,gyrA_D94H,94,7581,C,MOXI
gyrA,Rv0006,gyrA_D94N,94,7581,A,LEVO
gyrA,Rv0006,gyrA_D94N,94,7581,A,MOXI
gyrA,Rv0006,gyrA_D94G,94,7582,G,LEVO
gyrA,Rv0006,gyrA_D94G,94,7582,G,MOXI
gyrA,Rv0006,gyrA_D94A,94,7582,C,LEVO
gyrA,Rv0006,gyrA_D94A,94,7582,C,MOXI
rpoB,Rv0667,rpoB_V170F,170,760314,T,RIF
rpoB,Rv0667,rpoB_G426S,426,761082,A,RIF
rpoB,Rv0667,rpoB_T427A,427,761085,G,RIF
rpoB,Rv0667,rpoB_T427I,427,761086,T,RIF
rpoB,Rv0667,rpoB_T427N,427,761086,A,RIF
rpoB,Rv0667,rpoB_T427S,427,761086,G,RIF
rpoB,Rv0667,rpoB_S428R,428,761088,C,RIF
rpoB,Rv0667,rpoB_S428R,428,761088,C,RIF
rpoB,Rv0667,rpoB_S428G,428,761088,G,RIF
rpoB,Rv0667,rpoB_S428I,428,761089,T,RIF
rpoB,Rv0667,rpoB_S428T,428,761089,C,RIF
rpoB,Rv0667,rpoB_S428R,428,761090,G,RIF
rpoB,Rv0667,rpoB_S428R,428,761090,G,RIF
rpoB,Rv0667,rpoB_Q429L,429,761092,T,RIF
rpoB,Rv0667,rpoB_Q429P,429,761092,C,RIF
rpoB,Rv0667,rpoB_Q429H,429,761093,T,RIF
rpoB,Rv0667,rpoB_Q429H,429,761093,T,RIF
rpoB,Rv0667,rpoB_Q429H,429,761093,C,RIF
rpoB,Rv0667,rpoB_Q429H,429,761093,C,RIF
rpoB,Rv0667,rpoB_L430R,430,761095,G,RIF
rpoB,Rv0667,rpoB_L430P,430,761095,C,RIF
rpoB,Rv0667,rpoB_S431R,431,761097,C,RIF
rpoB,Rv0667,rpoB_S431R,431,761097,C,RIF
rpoB,Rv0667,rpoB_S431G,431,761097,G,RIF
rpoB,Rv0667,rpoB_S431T,431,761098,C,RIF
rpoB,Rv0667,rpoB_S431R,431,761099,A,RIF
rpoB,Rv0667,rpoB_S431R,431,761099,A,RIF
rpoB,Rv0667,rpoB_Q432K,432,761100,A,RIF
rpoB,Rv0667,rpoB_Q432E,432,761100,G,RIF
rpoB,Rv0667,rpoB_Q432P,432,761101,C,RIF
rpoB,Rv0667,rpoB_Q432L,432,761101,T,RIF
rpoB,Rv0667,rpoB_Q432H,432,761102,C,RIF
rpoB,Rv0667,rpoB_Q432H,432,761102,C,RIF
rpoB,Rv0667,rpoB_Q432H,432,761102,T,RIF
rpoB,Rv0667,rpoB_Q432H,432,761102,T,RIF
rpoB,Rv0667,rpoB_M434L,434,761106,T,RIF
rpoB,Rv0667,rpoB_M434V,434,761106,G,RIF
rpoB,Rv0667,rpoB_M434I,434,761108,A,RIF
rpoB,Rv0667,rpoB_M434I,434,761108,A,RIF
rpoB,Rv0667,rpoB_M434I,434,761108,A,RIF
rpoB,Rv0667,rpoB_M434I,434,761108,T,RIF
rpoB,Rv0667,rpoB_M434I,434,761108,T,RIF
rpoB,Rv0667,rpoB_M434I,434,761108,T,RIF
rpoB,Rv0667,rpoB_M434I,434,761108,C,RIF
rpoB,Rv0667,rpoB_M434I,434,761108,C,RIF
rpoB,Rv0667,rpoB_M434I,434,761108,C,RIF
rpoB,Rv0667,rpoB_D435H,435,761109,C,RIF
rpoB,Rv0667,rpoB_D435Y,435,761109,T,RIF
rpoB,Rv0667,rpoB_D435V,435,761110,T,RIF
rpoB,Rv0667,rpoB_D435A,435,761110,C,RIF
rpoB,Rv0667,rpoB_D435G,435,761110,G,RIF
rpoB,Rv0667,rpoB_D435E,435,761111,G,RIF
rpoB,Rv0667,rpoB_D435E,435,761111,G,RIF
rpoB,Rv0667,rpoB_D435E,435,761111,A,RIF
rpoB,Rv0667,rpoB_D435E,435,761111,A,RIF
rpoB,Rv0667,rpoB_Q436P,436,761113,C,RIF
rpoB,Rv0667,rpoB_N437H,437,761115,C,RIF
rpoB,Rv0667,rpoB_N437D,437,761115,G,RIF
rpoB,Rv0667,rpoB_N437Y,437,761115,T,RIF
rpoB,Rv0667,rpoB_N437S,437,761116,G,RIF
rpoB,Rv0667,rpoB_N437I,437,761116,T,RIF
rpoB,Rv0667,rpoB_P439S,439,761121,T,RIF
rpoB,Rv0667,rpoB_P439L,439,761122,T,RIF
rpoB,Rv0667,rpoB_S441A,441,761127,G,RIF
rpoB,Rv0667,rpoB_S441L,441,761128,T,RIF
rpoB,Rv0667,rpoB_G442E,442,761131,A,RIF
rpoB,Rv0667,rpoB_L443F,443,761135,T,RIF
rpoB,Rv0667,rpoB_T444I,444,761137,T,RIF
rpoB,Rv0667,rpoB_T444S,444,761137,G,RIF
rpoB,Rv0667,rpoB_H445N,445,761139,A,RIF
rpoB,Rv0667,rpoB_H445Y,445,761139,T,RIF
rpoB,Rv0667,rpoB_H445D,445,761139,G,RIF
rpoB,Rv0667,rpoB_H445L,445,761140,T,RIF
rpoB,Rv0667,rpoB_H445R,445,761140,G,RIF
rpoB,Rv0667,rpoB_H445P,445,761140,C,RIF
rpoB,Rv0667,rpoB_H445Q,445,761141,G,RIF
rpoB,Rv0667,rpoB_H445Q,445,761141,G,RIF
rpoB,Rv0667,rpoB_H445Q,445,761141,A,RIF
rpoB,Rv0667,rpoB_H445Q,445,761141,A,RIF
rpoB,Rv0667,rpoB_K446E,446,761142,G,RIF
rpoB,Rv0667,rpoB_K446Q,446,761142,C,RIF
rpoB,Rv0667,rpoB_K446T,446,761143,C,RIF
rpoB,Rv0667,rpoB_K446R,446,761143,G,RIF
rpoB,Rv0667,rpoB_R448Q,448,761149,A,RIF
rpoB,Rv0667,rpoB_L449M,449,761151,A,RIF
rpoB,Rv0667,rpoB_S450A,450,761154,G,RIF
rpoB,Rv0667,rpoB_S450W,450,761155,G,RIF
rpoB,Rv0667,rpoB_S450L,450,761155,T,RIF
rpoB,Rv0667,rpoB_S450L,450,761155,T,RIF
rpoB,Rv0667,rpoB_S450L,450,761155,T,RIF
rpoB,Rv0667,rpoB_A451V,451,761158,T,RIF
rpoB,Rv0667,rpoB_A451G,451,761158,G,RIF
rpoB,Rv0667,rpoB_A451G,451,761158,G,RIF
rpoB,Rv0667,rpoB_A451G,451,761158,G,RIF
rpoB,Rv0667,rpoB_L452V,452,761160,G,RIF
rpoB,Rv0667,rpoB_L452M,452,761160,A,RIF
rpoB,Rv0667,rpoB_L452P,452,761161,C,RIF
rpoB,Rv0667,rpoB_L452Q,452,761161,A,RIF
rpoB,Rv0667,rpoB_I491F,491,761277,T,RIF
rpsL,Rv0682,rpsL_K43R,43,781687,G,STR
rpsL,Rv0682,rpsL_K43R,43,781687,G,STR
rpsL,Rv0682,rpsL_K43R,43,781687,G,STR
rpsL,Rv0682,rpsL_K88Q,88,781821,C,STR
rpsL,Rv0682,rpsL_K88R,88,781822,G,STR
rpsL,Rv0682,rpsL_K88M,88,781822,T,STR
rplC,Rv0701,rplC_C154R,154,801268,C,LIN
rrs,MTB000019,rrs_a514c,,1472359,C,STR
rrs,MTB000019,rrs_c517t,,1472362,T,STR
rrs,MTB000019,rrs_g878a,,1472723,A,STR
rrs,MTB000019,rrs_a1401g,,1473246,G,AMI
rrs,MTB000019,rrs_a1401g,,1473246,G,CAP
rrs,MTB000019,rrs_a1401g,,1473246,G,KAN
rrs,MTB000019,rrs_c1402t,,1473247,T,AMI
rrs,MTB000019,rrs_c1402t,,1473247,T,CAP
rrs,MTB000019,rrs_c1402t,,1473247,T,KAN
rrs,MTB000019,rrs_g1484t,,1473329,T,AMI
rrs,MTB000019,rrs_g1484t,,1473329,T,CAP
rrs,MTB000019,rrs_g1484t,,1473329,T,KAN
inhA,Rv1484,inhA_S94A,94,1674481,G,ETA
tlyA,Rv1694,tlyA_R18!,18,1917991,T,CAP
tlyA,Rv1694,tlyA_Q22!,22,1918003,T,CAP
tlyA,Rv1694,tlyA_G66!,66,1918135,T,CAP
tlyA,Rv1694,tlyA_L74P,74,1918160,C,CAP
tlyA,Rv1694,tlyA_Q117!,117,1918288,T,CAP
tlyA,Rv1694,tlyA_S159!,159,1918415,A,CAP
tlyA,Rv1694,tlyA_G232D,232,1918634,A,CAP
tlyA,Rv1694,tlyA_N236K,236,1918647,G,CAP
katG,Rv1908c,katG_W689!,689,2154045,A,INH
katG,Rv1908c,katG_S671!,671,2154100,A,INH
katG,Rv1908c,katG_W668!,668,2154108,A,INH
katG,Rv1908c,katG_W668!,668,2154108,A,INH
katG,Rv1908c,katG_W668!,668,2154109,A,INH
katG,Rv1908c,katG_W668!,668,2154109,A,INH
katG,Rv1908c,katG_E588!,588,2154350,T,INH
katG,Rv1908c,katG_W505!,505,2154597,A,INH
katG,Rv1908c,katG_W505!,505,2154597,A,INH
katG,Rv1908c,katG_W505!,505,2154598,A,INH
katG,Rv1908c,katG_W505!,505,2154598,A,INH
katG,Rv1908c,katG_W477!,477,2154681,A,INH
katG,Rv1908c,katG_W477!,477,2154681,A,INH
katG,Rv1908c,katG_W477!,477,2154682,A,INH
katG,Rv1908c,katG_W477!,477,2154682,A,INH
katG,Rv1908c,katG_Q471!,471,2154701,T,INH
katG,Rv1908c,katG_W438!,438,2154798,A,INH
katG,Rv1908c,katG_W438!,438,2154798,A,INH
katG,Rv1908c,katG_W438!,438,2154799,A,INH
katG,Rv1908c,katG_W438!,438,2154799,A,INH
katG,Rv1908c,katG_R418!,418,2154860,T,INH
katG,Rv1908c,katG_W412!,412,2154876,A,INH
katG,Rv1908c,katG_W412!,412,2154876,A,INH
katG,Rv1908c,katG_W412!,412,2154877,A,INH
katG,Rv1908c,katG_W412!,412,2154877,A,INH
katG,Rv1908c,katG_Q352!,352,2155058,T,INH
katG,Rv1908c,katG_W351!,351,2155059,A,INH
katG,Rv1908c,katG_W328L,328,2155129,T,INH
katG,Rv1908c,katG_W321!,321,2155149,A,INH
katG,Rv1908c,katG_S315N,315,2155168,A,INH
katG,Rv1908c,katG_W204!,204,2155501,A,INH
katG,Rv1908c,katG_W198!,198,2155519,A,INH
katG,Rv1908c,katG_S175!,175,2155588,A,INH
katG,Rv1908c,katG_W161!,161,2155629,A,INH
katG,Rv1908c,katG_Y155!,155,2155647,A,INH
katG,Rv1908c,katG_W149!,149,2155665,A,INH
katG,Rv1908c,katG_W149!,149,2155665,A,INH
katG,Rv1908c,katG_W149!,149,2155666,A,INH
katG,Rv1908c,katG_W149!,149,2155666,A,INH
katG,Rv1908c,katG_Q127!,127,2155733,T,INH
katG,Rv1908c,katG_Q88!,88,2155850,T,INH
katG,Rv1908c,katG_Q36!,36,2156006,T,INH
katG,Rv1908c,katG_Y28!,28,2156028,A,INH
pncA,Rv2043c,pncA_L182W,182,2288697,G,PZA
pncA,Rv2043c,pncA_L182S,182,2288697,C,PZA
pncA,Rv2043c,pncA_E181!,181,2288701,T,PZA
pncA,Rv2043c,pncA_V180G,180,2288703,G,PZA
pncA,Rv2043c,pncA_V180A,180,2288703,C,PZA
pncA,Rv2043c,pncA_V180F,180,2288704,T,PZA
pncA,Rv2043c,pncA_T177P,177,2288713,C,PZA
pncA,Rv2043c,pncA_M175T,175,2288718,C,PZA
pncA,Rv2043c,pncA_M175V,175,2288719,G,PZA
pncA,Rv2043c,pncA_L172P,172,2288727,C,PZA
pncA,Rv2043c,pncA_L172R,172,2288727,G,PZA
pncA,Rv2043c,pncA_A171E,171,2288730,A,PZA
pncA,Rv2043c,pncA_T168P,168,2288740,C,PZA
pncA,Rv2043c,pncA_S164!,164,2288751,A,PZA
pncA,Rv2043c,pncA_S164P,164,2288752,C,PZA
pncA,Rv2043c,pncA_G162D,162,2288757,A,PZA
pncA,Rv2043c,pncA_T160P,160,2288764,C,PZA
pncA,Rv2043c,pncA_L159R,159,2288766,G,PZA
pncA,Rv2043c,pncA_V155G,155,2288778,G,PZA
pncA,Rv2043c,pncA_V155M,155,2288779,A,PZA
pncA,Rv2043c,pncA_R154G,154,2288782,G,PZA
pncA,Rv2043c,pncA_L151S,151,2288790,C,PZA
pncA,Rv2043c,pncA_A146V,146,2288805,T,PZA
pncA,Rv2043c,pncA_A146T,146,2288806,A,PZA
pncA,Rv2043c,pncA_T142M,142,2288817,T,PZA
pncA,Rv2043c,pncA_T142K,142,2288817,A,PZA
pncA,Rv2043c,pncA_T142A,142,2288818,G,PZA
pncA,Rv2043c,pncA_Q141P,141,2288820,C,PZA
pncA,Rv2043c,pncA_Q141!,141,2288821,T,PZA
pncA,Rv2043c,pncA_V139G,139,2288826,G,PZA
pncA,Rv2043c,pncA_V139A,139,2288826,C,PZA
pncA,Rv2043c,pncA_C138R,138,2288830,C,PZA
pncA,Rv2043c,pncA_T135P,135,2288839,C,PZA
pncA,Rv2043c,pncA_A134V,134,2288841,T,PZA
pncA,Rv2043c,pncA_I133T,133,2288844,C,PZA
pncA,Rv2043c,pncA_G132D,132,2288847,A,PZA
pncA,Rv2043c,pncA_G132S,132,2288848,A,PZA
pncA,Rv2043c,pncA_V131G,131,2288850,G,PZA
pncA,Rv2043c,pncA_V131F,131,2288851,T,PZA
pncA,Rv2043c,pncA_V130G,130,2288853,G,PZA
pncA,Rv2043c,pncA_V128G,128,2288859,G,PZA
pncA,Rv2043c,pncA_V125G,125,2288868,G,PZA
pncA,Rv2043c,pncA_V125F,125,2288869,T,PZA
pncA,Rv2043c,pncA_Q122!,122,2288878,T,PZA
pncA,Rv2043c,pncA_L120P,120,2288883,C,PZA
pncA,Rv2043c,pncA_L120R,120,2288883,G,PZA
pncA,Rv2043c,pncA_W119C,119,2288885,T,PZA
pncA,Rv2043c,pncA_W119C,119,2288885,T,PZA
pncA,Rv2043c,pncA_W119!,119,2288885,A,PZA
pncA,Rv2043c,pncA_W119!,119,2288885,A,PZA
pncA,Rv2043c,pncA_W119!,119,2288886,A,PZA
pncA,Rv2043c,pncA_W119!,119,2288886,A,PZA
pncA,Rv2043c,pncA_W119G,119,2288887,G,PZA
pncA,Rv2043c,pncA_W119R,119,2288887,C,PZA
pncA,Rv2043c,pncA_L116P,116,2288895,C,PZA
pncA,Rv2043c,pncA_G108R,108,2288920,A,PZA
pncA,Rv2043c,pncA_G108R,108,2288920,A,PZA
pncA,Rv2043c,pncA_F106S,106,2288925,C,PZA
pncA,Rv2043c,pncA_G105V,105,2288928,T,PZA
pncA,Rv2043c,pncA_G105D,105,2288928,A,PZA
pncA,Rv2043c,pncA_S104R,104,2288930,A,PZA
pncA,Rv2043c,pncA_S104R,104,2288930,A,PZA
pncA,Rv2043c,pncA_S104R,104,2288930,A,PZA
pncA,Rv2043c,pncA_S104I,104,2288931,T,PZA
pncA,Rv2043c,pncA_S104R,104,2288932,C,PZA
pncA,Rv2043c,pncA_S104R,104,2288932,C,PZA
pncA,Rv2043c,pncA_S104R,104,2288932,C,PZA
pncA,Rv2043c,pncA_Y103!,103,2288933,A,PZA
pncA,Rv2043c,pncA_Y103!,103,2288933,A,PZA
pncA,Rv2043c,pncA_Y103C,103,2288934,G,PZA
pncA,Rv2043c,pncA_Y103S,103,2288934,C,PZA
pncA,Rv2043c,pncA_Y103H,103,2288935,C,PZA
pncA,Rv2043c,pncA_Y103D,103,2288935,G,PZA
pncA,Rv2043c,pncA_Y99!,99,2288945,A,PZA
pncA,Rv2043c,pncA_G97V,97,2288952,T,PZA
pncA,Rv2043c,pncA_G97D,97,2288952,A,PZA
pncA,Rv2043c,pncA_G97C,97,2288953,T,PZA
pncA,Rv2043c,pncA_G97S,97,2288953,A,PZA
pncA,Rv2043c,pncA_K96R,96,2288955,G,PZA
pncA,Rv2043c,pncA_K96T,96,2288955,C,PZA
pncA,Rv2043c,pncA_K96E,96,2288956,G,PZA
pncA,Rv2043c,pncA_K96Q,96,2288956,C,PZA
pncA,Rv2043c,pncA_F94C,94,2288961,G,PZA
pncA,Rv2043c,pncA_F94S,94,2288961,C,PZA
pncA,Rv2043c,pncA_F94L,94,2288962,C,PZA
pncA,Rv2043c,pncA_F94L,94,2288962,C,PZA
pncA,Rv2043c,pncA_E91!,91,2288971,T,PZA
pncA,Rv2043c,pncA_I90T,90,2288973,C,PZA
pncA,Rv2043c,pncA_I90S,90,2288973,G,PZA
pncA,Rv2043c,pncA_L85R,85,2288988,G,PZA
pncA,Rv2043c,pncA_L85P,85,2288988,C,PZA
pncA,Rv2043c,pncA_H82R,82,2288997,G,PZA
pncA,Rv2043c,pncA_F81V,81,2289001,G,PZA
pncA,Rv2043c,pncA_T76I,76,2289015,T,PZA
pncA,Rv2043c,pncA_T76P,76,2289016,C,PZA
pncA,Rv2043c,pncA_C72Y,72,2289027,A,PZA
pncA,Rv2043c,pncA_C72R,72,2289028,C,PZA
pncA,Rv2043c,pncA_H71P,71,2289030,C,PZA
pncA,Rv2043c,pncA_H71R,71,2289030,G,PZA
pncA,Rv2043c,pncA_H71Y,71,2289031,T,PZA
pncA,Rv2043c,pncA_P69L,69,2289036,T,PZA
pncA,Rv2043c,pncA_W68!,68,2289038,A,PZA
pncA,Rv2043c,pncA_W68C,68,2289038,T,PZA
pncA,Rv2043c,pncA_W68C,68,2289038,T,PZA
pncA,Rv2043c,pncA_W68G,68,2289040,G,PZA
pncA,Rv2043c,pncA_W68R,68,2289040,C,PZA
pncA,Rv2043c,pncA_W68R,68,2289040,C,PZA
pncA,Rv2043c,pncA_S67P,67,2289043,C,PZA
pncA,Rv2043c,pncA_Y64!,64,2289050,G,PZA
pncA,Rv2043c,pncA_Y64D,64,2289052,G,PZA
pncA,Rv2043c,pncA_D63G,63,2289054,G,PZA
pncA,Rv2043c,pncA_D63A,63,2289054,C,PZA
pncA,Rv2043c,pncA_P62L,62,2289057,T,PZA
pncA,Rv2043c,pncA_P62S,62,2289058,T,PZA
pncA,Rv2043c,pncA_P62T,62,2289058,A,PZA
pncA,Rv2043c,pncA_S59P,59,2289067,C,PZA
pncA,Rv2043c,pncA_F58L,58,2289070,C,PZA
pncA,Rv2043c,pncA_F58L,58,2289070,C,PZA
pncA,Rv2043c,pncA_H57R,57,2289072,G,PZA
pncA,Rv2043c,pncA_H57Y,57,2289073,T,PZA
pncA,Rv2043c,pncA_P54Q,54,2289081,A,PZA
pncA,Rv2043c,pncA_P54L,54,2289081,T,PZA
pncA,Rv2043c,pncA_H51Q,51,2289089,A,PZA
pncA,Rv2043c,pncA_H51Q,51,2289089,A,PZA
pncA,Rv2043c,pncA_H51R,51,2289090,G,PZA
pncA,Rv2043c,pncA_H51P,51,2289090,C,PZA
pncA,Rv2043c,pncA_H51Y,51,2289091,T,PZA
pncA,Rv2043c,pncA_D49E,49,2289095,A,PZA
pncA,Rv2043c,pncA_D49E,49,2289095,A,PZA
pncA,Rv2043c,pncA_D49A,49,2289096,C,PZA
pncA,Rv2043c,pncA_D49G,49,2289096,G,PZA
pncA,Rv2043c,pncA_D49N,49,2289097,A,PZA
pncA,Rv2043c,pncA_K48T,48,2289099,C,PZA
pncA,Rv2043c,pncA_K48E,48,2289100,G,PZA
pncA,Rv2043c,pncA_T47P,47,2289103,C,PZA
pncA,Rv2043c,pncA_T47A,47,2289103,G,PZA
pncA,Rv2043c,pncA_A46E,46,2289105,A,PZA
pncA,Rv2043c,pncA_A46V,46,2289105,T,PZA
pncA,Rv2043c,pncA_V44G,44,2289111,G,PZA
pncA,Rv2043c,pncA_Y41!,41,2289119,A,PZA
pncA,Rv2043c,pncA_Y34D,34,2289142,G,PZA
pncA,Rv2043c,pncA_I31S,31,2289150,G,PZA
pncA,Rv2043c,pncA_L27P,27,2289162,C,PZA
pncA,Rv2043c,pncA_G24D,24,2289171,A,PZA
pncA,Rv2043c,pncA_V21G,21,2289180,G,PZA
pncA,Rv2043c,pncA_L19P,19,2289186,C,PZA
pncA,Rv2043c,pncA_S18!,18,2289189,A,PZA
pncA,Rv2043c,pncA_G17D,17,2289192,A,PZA
pncA,Rv2043c,pncA_E15!,15,2289199,T,PZA
pncA,Rv2043c,pncA_C14!,14,2289200,A,PZA
pncA,Rv2043c,pncA_C14R,14,2289202,C,PZA
pncA,Rv2043c,pncA_F13L,13,2289205,C,PZA
pncA,Rv2043c,pncA_F13L,13,2289205,C,PZA
pncA,Rv2043c,pncA_D12E,12,2289206,A,PZA
pncA,Rv2043c,pncA_D12E,12,2289206,A,PZA
pncA,Rv2043c,pncA_D12G,12,2289207,G,PZA
pncA,Rv2043c,pncA_D12A,12,2289207,C,PZA
pncA,Rv2043c,pncA_D12N,12,2289208,A,PZA
pncA,Rv2043c,pncA_Q10H,10,2289212,T,PZA
pncA,Rv2043c,pncA_Q10H,10,2289212,T,PZA
pncA,Rv2043c,pncA_Q10R,10,2289213,G,PZA
pncA,Rv2043c,pncA_Q10P,10,2289213,C,PZA
pncA,Rv2043c,pncA_Q10!,10,2289214,T,PZA
pncA,Rv2043c,pncA_V9G,9,2289216,G,PZA
pncA,Rv2043c,pncA_D8E,8,2289218,A,PZA
pncA,Rv2043c,pncA_D8A,8,2289219,C,PZA
pncA,Rv2043c,pncA_D8G,8,2289219,G,PZA
pncA,Rv2043c,pncA_D8N,8,2289220,A,PZA
pncA,Rv2043c,pncA_V7G,7,2289222,G,PZA
pncA,Rv2043c,pncA_V7A,7,2289222,C,PZA
pncA,Rv2043c,pncA_I6T,6,2289225,C,PZA
pncA,Rv2043c,pncA_I5S,5,2289228,G,PZA
pncA,Rv2043c,pncA_L4W,4,2289231,G,PZA
pncA,Rv2043c,pncA_L4S,4,2289231,C,PZA
pncA,Rv2043c,pncA_A3E,3,2289234,A,PZA
pncA,Rv2043c,pncA_M1T,1,2289240,C,PZA
pncA,Rv2043c,pncA_t-7c,,2289248,C,PZA
pncA,Rv2043c,pncA_a-11c,,2289252,C,PZA
pncA,Rv2043c,pncA_a-11g,,2289252,G,PZA
pncA,Rv2043c,pncA_t-12c,,2289253,C,PZA
eis,Rv2416c,eis_g-10a,,2715342,A,KAN
eis,Rv2416c,eis_c-12t,,2715344,T,KAN
eis,Rv2416c,eis_c-14t,,2715346,T,AMI
eis,Rv2416c,eis_c-14t,,2715346,T,KAN
eis,Rv2416c,eis_g-37t,,2715369,T,KAN
ddn,Rv3547,ddn_L49P,49,3986989,C,DLM
embA,Rv3794,embA_c-12t,,4243221,T,EMB
embB,Rv3795,embB_L74R,74,4246734,G,EMB
embB,Rv3795,embB_M306L,306,4247429,C,EMB
embB,Rv3795,embB_M306L,306,4247429,C,EMB
embB,Rv3795,embB_M306L,306,4247429,T,EMB
embB,Rv3795,embB_M306L,306,4247429,T,EMB
embB,Rv3795,embB_M306V,306,4247429,G,EMB
embB,Rv3795,embB_M306I,306,4247431,A,EMB
embB,Rv3795,embB_M306I,306,4247431,A,EMB
embB,Rv3795,embB_M306I,306,4247431,A,EMB
embB,Rv3795,embB_M306I,306,4247431,C,EMB
embB,Rv3795,embB_M306I,306,4247431,C,EMB
embB,Rv3795,embB_M306I,306,4247431,C,EMB
embB,Rv3795,embB_M306I,306,4247431,T,EMB
embB,Rv3795,embB_M306I,306,4247431,T,EMB
embB,Rv3795,embB_M306I,306,4247431,T,EMB
embB,Rv3795,embB_Y319C,319,4247469,G,EMB
embB,Rv3795,embB_Y319S,319,4247469,C,EMB
embB,Rv3795,embB_D328Y,328,4247495,T,EMB
embB,Rv3795,embB_D354A,354,4247574,C,EMB
embB,Rv3795,embB_G406C,406,4247729,T,EMB
embB,Rv3795,embB_G406S,406,4247729,A,EMB
embB,Rv3795,embB_G406A,406,4247730,C,EMB
embB,Rv3795,embB_G406D,406,4247730,A,EMB
embB,Rv3795,embB_Q497K,497,4248002,A,EMB
embB,Rv3795,embB_Q497R,497,4248003,G,EMB
ethA,Rv3854c,ethA_E476!,476,4326048,T,ETA
ethA,Rv3854c,ethA_W455!,455,4326109,A,ETA
ethA,Rv3854c,ethA_R421!,421,4326213,T,ETA
ethA,Rv3854c,ethA_Y408!,408,4326250,A,ETA
ethA,Rv3854c,ethA_S399!,399,4326278,A,ETA
ethA,Rv3854c,ethA_W391!,391,4326301,A,ETA
ethA,Rv3854c,ethA_W391!,391,4326301,A,ETA
ethA,Rv3854c,ethA_W391!,391,4326302,A,ETA
ethA,Rv3854c,ethA_W391!,391,4326302,A,ETA
ethA,Rv3854c,ethA_S390F,390,4326305,T,ETA
ethA,Rv3854c,ethA_Y386!,386,4326316,A,ETA
ethA,Rv3854c,ethA_Y386!,386,4326316,A,ETA
ethA,Rv3854c,ethA_P378L,378,4326341,T,ETA
ethA,Rv3854c,ethA_Q360!,360,4326396,T,ETA
ethA,Rv3854c,ethA_Q359!,359,4326399,T,ETA
ethA,Rv3854c,ethA_Q347!,347,4326435,T,ETA
ethA,Rv3854c,ethA_A341V,341,4326452,T,ETA
ethA,Rv3854c,ethA_E332!,332,4326480,T,ETA
ethA,Rv3854c,ethA_C294!,294,4326592,A,ETA
ethA,Rv3854c,ethA_W289!,289,4326607,A,ETA
ethA,Rv3854c,ethA_W289!,289,4326607,A,ETA
ethA,Rv3854c,ethA_W289!,289,4326608,A,ETA
ethA,Rv3854c,ethA_W289!,289,4326608,A,ETA
ethA,Rv3854c,ethA_R279!,279,4326639,T,ETA
ethA,Rv3854c,ethA_Q271!,271,4326663,T,ETA
ethA,Rv3854c,ethA_Q269!,269,4326669,T,ETA
ethA,Rv3854c,ethA_W256!,256,4326706,A,ETA
ethA,Rv3854c,ethA_W256!,256,4326706,A,ETA
ethA,Rv3854c,ethA_W256!,256,4326707,A,ETA
ethA,Rv3854c,ethA_W256!,256,4326707,A,ETA
ethA,Rv3854c,ethA_Q254!,254,4326714,T,ETA
ethA,Rv3854c,ethA_C253!,253,4326715,A,ETA
ethA,Rv3854c,ethA_Q246!,246,4326738,T,ETA
ethA,Rv3854c,ethA_W240!,240,4326754,A,ETA
ethA,Rv3854c,ethA_W240!,240,4326754,A,ETA
ethA,Rv3854c,ethA_W240!,240,4326755,A,ETA
ethA,Rv3854c,ethA_W240!,240,4326755,A,ETA
ethA,Rv3854c,ethA_W228!,228,4326791,A,ETA
ethA,Rv3854c,ethA_Q215!,215,4326831,T,ETA
ethA,Rv3854c,ethA_Q206!,206,4326858,T,ETA
ethA,Rv3854c,ethA_S197!,197,4326884,A,ETA
ethA,Rv3854c,ethA_Q165!,165,4326981,T,ETA
ethA,Rv3854c,ethA_Y147!,147,4327033,A,ETA
ethA,Rv3854c,ethA_Y140!,140,4327054,A,ETA
ethA,Rv3854c,ethA_Y140!,140,4327054,A,ETA
ethA,Rv3854c,ethA_E132!,132,4327080,T,ETA
ethA,Rv3854c,ethA_C131!,131,4327081,A,ETA
ethA,Rv3854c,ethA_Q121!,121,4327113,T,ETA
ethA,Rv3854c,ethA_W116!,116,4327127,A,ETA
ethA,Rv3854c,ethA_W109!,109,4327147,A,ETA
ethA,Rv3854c,ethA_W109!,109,4327147,A,ETA
ethA,Rv3854c,ethA_W109!,109,4327148,A,ETA
ethA,Rv3854c,ethA_W109!,109,4327148,A,ETA
ethA,Rv3854c,ethA_Y92!,92,4327198,G,ETA
ethA,Rv3854c,ethA_T88I,88,4327211,T,ETA
ethA,Rv3854c,ethA_Q73!,73,4327257,T,ETA
ethA,Rv3854c,ethA_W69!,69,4327267,A,ETA
ethA,Rv3854c,ethA_W69!,69,4327267,A,ETA
ethA,Rv3854c,ethA_W69!,69,4327268,A,ETA
ethA,Rv3854c,ethA_W69!,69,4327268,A,ETA
ethA,Rv3854c,ethA_Y60!,60,4327294,A,ETA
ethA,Rv3854c,ethA_S57Y,57,4327304,A,ETA
ethA,Rv3854c,ethA_W45!,45,4327339,A,ETA
ethA,Rv3854c,ethA_W45!,45,4327339,A,ETA
ethA,Rv3854c,ethA_W45!,45,4327340,A,ETA
ethA,Rv3854c,ethA_W45!,45,4327340,A,ETA
ethA,Rv3854c,ethA_Y32D,32,4327380,G,ETA
ethA,Rv3854c,ethA_Q24!,24,4327404,T,ETA
ethA,Rv3854c,ethA_W21!,21,4327411,A,ETA
ethA,Rv3854c,ethA_G11V,11,4327442,T,ETA
ethA,Rv3854c,ethA_M1R,1,4327472,G,ETA
ethA,Rv3854c,ethA_M1T,1,4327472,C,ETA
ethA,Rv3854c,ethA_t-7c,,4327480,C,ETA
gid,Rv3919c,gid_R213!,213,4407566,T,STR
gid,Rv3919c,gid_R206!,206,4407587,T,STR
gid,Rv3919c,gid_Y195!,195,4407618,G,STR
gid,Rv3919c,gid_Y195!,195,4407618,G,STR
gid,Rv3919c,gid_E173!,173,4407686,T,STR
gid,Rv3919c,gid_E170!,170,4407695,T,STR
gid,Rv3919c,gid_W148!,148,4407760,A,STR
gid,Rv3919c,gid_S136!,136,4407796,A,STR
gid,Rv3919c,gid_S136!,136,4407796,A,STR
gid,Rv3919c,gid_A134E,134,4407802,A,STR
gid,Rv3919c,gid_Q127!,127,4407824,T,STR
gid,Rv3919c,gid_Q125!,125,4407830,T,STR
gid,Rv3919c,gid_E103!,103,4407896,T,STR
gid,Rv3919c,gid_R102!,102,4407899,T,STR
gid,Rv3919c,gid_E99!,99,4407908,T,STR
gid,Rv3919c,gid_E92!,92,4407929,T,STR
gid,Rv3919c,gid_Q87!,87,4407944,T,STR
gid,Rv3919c,gid_P84L,84,4407952,T,STR
gid,Rv3919c,gid_G71!,71,4407992,T,STR
gid,Rv3919c,gid_G69D,69,4407997,A,STR
gid,Rv3919c,gid_E60!,60,4408025,T,STR
gid,Rv3919c,gid_C52!,52,4408047,A,STR
gid,Rv3919c,gid_W45!,45,4408068,A,STR
gid,Rv3919c,gid_W45!,45,4408068,A,STR
gid,Rv3919c,gid_W45!,45,4408069,A,STR
gid,Rv3919c,gid_W45!,45,4408069,A,STR
gid,Rv3919c,gid_G37!,37,4408094,T,STR
gid,Rv3919c,gid_G28!,28,4408121,T,STR
gid,Rv3919c,gid_Y22!,22,4408137,A,STR
gid,Rv3919c,gid_Y22!,22,4408137,A,STR
